/* 사용자 생성 */
INSERT INTO USER VALUES ('admin','$2a$10$j/GCzf/r2kszPYnrog4isOv5RYGUEzVhB4aiAGHN7mq0oLHLgd4gG','admin','admin@test.com','01012345678', 0,'N', DATE_FORMAT(CURRENT_DATE, '%Y%m%d'), 'ko', 'Y', DATE_FORMAT(CURRENT_TIMESTAMP, '%Y%m%d%H%i%s'),'SYSTEM', NULL, NULL);
INSERT INTO USER VALUES ('user','$2a$10$j/GCzf/r2kszPYnrog4isOv5RYGUEzVhB4aiAGHN7mq0oLHLgd4gG','user','user@test.com','01012345678', 0,'N', DATE_FORMAT(CURRENT_DATE, '%Y%m%d'), 'en', 'Y', DATE_FORMAT(CURRENT_TIMESTAMP, '%Y%m%d%H%i%s'),'SYSTEM', NULL, NULL);

/* 권한 생성 */
INSERT INTO AUTHORITY VALUES ('ROLE_ADMIN', '전체권한', '', 'Y', DATE_FORMAT(CURRENT_TIMESTAMP, '%Y%m%d%H%i%s'),'SYSTEM', NULL, NULL);
INSERT INTO AUTHORITY VALUES ('ROLE_USER', '사용자권한', '', 'Y', DATE_FORMAT(CURRENT_TIMESTAMP, '%Y%m%d%H%i%s'),'SYSTEM', NULL, NULL);

/* 사용자 권한 생성 */
INSERT INTO USER_AUTHORITY VALUES ('admin','ROLE_ADMIN');
INSERT INTO USER_AUTHORITY VALUES ('user','ROLE_USER');

/* 메뉴 */
INSERT INTO MENU (MENU_ID, MENU_PARENT_ID, MENU_NAME, MENU_URL, MENU_ORDER, USE_YN, CREATE_DATETIME, CREATE_USER_ID) VALUES ('010000', NULL, '게시판', '', 0, 'Y', DATE_FORMAT(CURRENT_TIMESTAMP, '%Y%m%d%H%i%s'), 'SYSTEM');
INSERT INTO MENU (MENU_ID, MENU_PARENT_ID, MENU_NAME, MENU_URL, MENU_ORDER, USE_YN, CREATE_DATETIME, CREATE_USER_ID) VALUES ('010100', '010000', 'QNA', '/qna', 0, 'Y', DATE_FORMAT(CURRENT_TIMESTAMP, '%Y%m%d%H%i%s'), 'SYSTEM');
INSERT INTO MENU (MENU_ID, MENU_PARENT_ID, MENU_NAME, MENU_URL, MENU_ORDER, USE_YN, CREATE_DATETIME, CREATE_USER_ID) VALUES ('020000', NULL, '법인관리', '', 0, 'Y', DATE_FORMAT(CURRENT_TIMESTAMP, '%Y%m%d%H%i%s'), 'SYSTEM');
INSERT INTO MENU (MENU_ID, MENU_PARENT_ID, MENU_NAME, MENU_URL, MENU_ORDER, USE_YN, CREATE_DATETIME, CREATE_USER_ID) VALUES ('020100', '020000', '법인관리', '/company', 0, 'Y', DATE_FORMAT(CURRENT_TIMESTAMP, '%Y%m%d%H%i%s'), 'SYSTEM');
INSERT INTO MENU (MENU_ID, MENU_PARENT_ID, MENU_NAME, MENU_URL, MENU_ORDER, USE_YN, CREATE_DATETIME, CREATE_USER_ID) VALUES ('030000', NULL, '시스템관리', '', 0, 'Y', DATE_FORMAT(CURRENT_TIMESTAMP, '%Y%m%d%H%i%s'), 'SYSTEM');
INSERT INTO MENU (MENU_ID, MENU_PARENT_ID, MENU_NAME, MENU_URL, MENU_ORDER, USE_YN, CREATE_DATETIME, CREATE_USER_ID) VALUES ('030100', '030000', '사용자관리', '/system/user', 0, 'Y', DATE_FORMAT(CURRENT_TIMESTAMP, '%Y%m%d%H%i%s'), 'SYSTEM');

/* 리소스*/
INSERT INTO RESOURCES (RESOURCE_ID, MENU_ID, RESOURCE_NAME, RESOURCE_PATTERN, CREATE_DATETIME, CREATE_USER_ID) VALUES('0001', '010100', 'QNA', '/qna/**', DATE_FORMAT(CURRENT_TIMESTAMP, '%Y%m%d%H%i%s'), 'SYSTEM');
INSERT INTO RESOURCES (RESOURCE_ID, MENU_ID, RESOURCE_NAME, RESOURCE_PATTERN, CREATE_DATETIME, CREATE_USER_ID) VALUES('0002', '020100', '법인관리', '/company/**', DATE_FORMAT(CURRENT_TIMESTAMP, '%Y%m%d%H%i%s'), 'SYSTEM');
INSERT INTO RESOURCES (RESOURCE_ID, MENU_ID, RESOURCE_NAME, RESOURCE_PATTERN, CREATE_DATETIME, CREATE_USER_ID) VALUES('0003', '030100', '사용자관리', '/system/user/**', DATE_FORMAT(CURRENT_TIMESTAMP, '%Y%m%d%H%i%s'), 'SYSTEM');

/* 리소스권한 */
INSERT INTO AUTHORITY_RESOURCES VALUES('ROLE_ADMIN', '0001', DATE_FORMAT(CURRENT_TIMESTAMP, '%Y%m%d%H%i%s'), 'SYSTEM');
INSERT INTO AUTHORITY_RESOURCES VALUES('ROLE_ADMIN', '0002', DATE_FORMAT(CURRENT_TIMESTAMP, '%Y%m%d%H%i%s'), 'SYSTEM');
INSERT INTO AUTHORITY_RESOURCES VALUES('ROLE_ADMIN', '0003', DATE_FORMAT(CURRENT_TIMESTAMP, '%Y%m%d%H%i%s'), 'SYSTEM');
INSERT INTO AUTHORITY_RESOURCES VALUES('ROLE_USER', '0001', DATE_FORMAT(CURRENT_TIMESTAMP, '%Y%m%d%H%i%s'), 'SYSTEM');
INSERT INTO AUTHORITY_RESOURCES VALUES('ROLE_USER', '0002', DATE_FORMAT(CURRENT_TIMESTAMP, '%Y%m%d%H%i%s'), 'SYSTEM');

/* 공통코드 생성 */
INSERT INTO COMMON_CODE VALUES ('QNA_CATEGORY','QNA 카테고리','Y', DATE_FORMAT(CURRENT_TIMESTAMP, '%Y%m%d%H%i%s'),'SYSTEM', NULL, NULL);
INSERT INTO COMMON_CODE VALUES ('LANGUAGE','사용자언어','Y', DATE_FORMAT(CURRENT_TIMESTAMP, '%Y%m%d%H%i%s'),'SYSTEM', NULL, NULL);

/* 상세공통코드 생성 */
INSERT INTO COMMON_CODE_DETAIL VALUES ('QNA_CATEGORY','U', '사용문의', 1, 'Y',DATE_FORMAT(CURRENT_TIMESTAMP, '%Y%m%d%H%i%s'),'SYSTEM', NULL, NULL);
INSERT INTO COMMON_CODE_DETAIL VALUES ('QNA_CATEGORY','E', '기타문의', 2, 'Y',DATE_FORMAT(CURRENT_TIMESTAMP, '%Y%m%d%H%i%s'),'SYSTEM', NULL, NULL);
INSERT INTO COMMON_CODE_DETAIL VALUES ('LANGUAGE','ko', '한국어', 1, 'Y',DATE_FORMAT(CURRENT_TIMESTAMP, '%Y%m%d%H%i%s'),'SYSTEM', NULL, NULL);
INSERT INTO COMMON_CODE_DETAIL VALUES ('LANGUAGE','en', '영어', 2, 'Y',DATE_FORMAT(CURRENT_TIMESTAMP, '%Y%m%d%H%i%s'),'SYSTEM', NULL, NULL);
INSERT INTO COMMON_CODE_DETAIL VALUES ('LANGUAGE','jp', '일본어', 3, 'Y',DATE_FORMAT(CURRENT_TIMESTAMP, '%Y%m%d%H%i%s'),'SYSTEM', NULL, NULL);

/* 테스트 시퀀스 생성 */
CREATE SEQUENCE SEQ_TEST_SNO
START WITH 1
INCREMENT BY 1
MAXVALUE 999999
CYCLE;